{
  "EUCMT": {
    "fx": 382.2227306562677,
    "fy": 382.1807770998519,
    "cx": 509.7648796960217,
    "cy": 513.6895019091243,
    "alpha": 0.6281087133137332,
    "beta": 1.0473367139793275,
    "t1": 0.0006929546372582492,
    "t2": -0.0008439105225869038,
    "width": 1024,
    "height": 1024
  }
}