{
  "EUCMT": {
    "fx": 381.0539220616134,
    "fy": 381.02969852789715,
    "cx": 505.01097826853487,
    "cy": 509.402894615309,
    "alpha": 0.627194557871041,
    "beta": 1.046379950690405,
    "t1": 0.0017245398440938968,
    "t2": -0.0009151531432392689,
    "width": 1024,
    "height": 1024
  }
}