{
  "rtvecs": [
    {
      "rvec": [
        0.0,
        0.0,
        0.0
      ],
      "tvec": [
        0.0,
        0.0,
        0.0
      ]
    },
    {
      "rvec": [
        0.04771304082470395,
        -0.0005384033172462809,
        0.0007856761708647015
      ],
      "tvec": [
        -0.10099738633750852,
        -0.0009574560082809142,
        -0.0011367431315946574
      ]
    }
  ]
}