{
  "EUCMT": {
    "fx": 382.22285363333384,
    "fy": 382.1808869546711,
    "cx": 509.76476231973334,
    "cy": 513.6893205903075,
    "alpha": 0.6281096731725465,
    "beta": 1.0473345137603873,
    "t1": 0.0006932037945744311,
    "t2": -0.000844055707220355,
    "width": 1024,
    "height": 1024
  }
}