{
  "EUCMT": {
    "fx": 381.0539560858104,
    "fy": 381.0296882996184,
    "cx": 505.01069952843346,
    "cy": 509.40282559517766,
    "alpha": 0.6271929905585812,
    "beta": 1.0463837820968225,
    "t1": 0.0017246507819047437,
    "t2": -0.0009149788303354135,
    "width": 1024,
    "height": 1024
  }
}