{
  "rtvecs": [
    {
      "rvec": [
        0.0,
        0.0,
        0.0
      ],
      "tvec": [
        0.0,
        0.0,
        0.0
      ]
    },
    {
      "rvec": [
        0.0477133728490399,
        -0.000537631243761503,
        0.0007855518543618431
      ],
      "tvec": [
        -0.10099754646090553,
        -0.0009574014695750144,
        -0.0011370393349649517
      ]
    }
  ]
}